{
  "hash": "001b43e9",
  "configHash": "b8ead0eb",
  "lockfileHash": "7909ae1c",
  "browserHash": "075642a5",
  "optimized": {
    "@angular/common": {
      "src": "../../../../../../node_modules/@angular/common/fesm2022/common.mjs",
      "file": "@angular_common.js",
      "fileHash": "4c78e722",
      "needsInterop": false
    },
    "@angular/common/http": {
      "src": "../../../../../../node_modules/@angular/common/fesm2022/http.mjs",
      "file": "@angular_common_http.js",
      "fileHash": "d6d80b06",
      "needsInterop": false
    },
    "@angular/core": {
      "src": "../../../../../../node_modules/@angular/core/fesm2022/core.mjs",
      "file": "@angular_core.js",
      "fileHash": "31388222",
      "needsInterop": false
    },
    "@angular/platform-browser": {
      "src": "../../../../../../node_modules/@angular/platform-browser/fesm2022/platform-browser.mjs",
      "file": "@angular_platform-browser.js",
      "fileHash": "375c5540",
      "needsInterop": false
    },
    "@angular/router": {
      "src": "../../../../../../node_modules/@angular/router/fesm2022/router.mjs",
      "file": "@angular_router.js",
      "fileHash": "406a858e",
      "needsInterop": false
    }
  },
  "chunks": {
    "chunk-MB6Z2ZN6": {
      "file": "chunk-MB6Z2ZN6.js"
    },
    "chunk-AZK4GN3P": {
      "file": "chunk-AZK4GN3P.js"
    },
    "chunk-YFMKEFT7": {
      "file": "chunk-YFMKEFT7.js"
    },
    "chunk-ANC3RUQ3": {
      "file": "chunk-ANC3RUQ3.js"
    },
    "chunk-CP6FORRH": {
      "file": "chunk-CP6FORRH.js"
    }
  }
}