{
  "hash": "7ad3cc74",
  "configHash": "80d17c07",
  "lockfileHash": "7909ae1c",
  "browserHash": "f3a5a51b",
  "optimized": {
    "@angular/common": {
      "src": "../../../../../../node_modules/@angular/common/fesm2022/common.mjs",
      "file": "@angular_common.js",
      "fileHash": "1af008c5",
      "needsInterop": false
    },
    "@angular/common/http": {
      "src": "../../../../../../node_modules/@angular/common/fesm2022/http.mjs",
      "file": "@angular_common_http.js",
      "fileHash": "bd9d225f",
      "needsInterop": false
    },
    "@angular/core": {
      "src": "../../../../../../node_modules/@angular/core/fesm2022/core.mjs",
      "file": "@angular_core.js",
      "fileHash": "0950c3ea",
      "needsInterop": false
    },
    "@angular/platform-browser": {
      "src": "../../../../../../node_modules/@angular/platform-browser/fesm2022/platform-browser.mjs",
      "file": "@angular_platform-browser.js",
      "fileHash": "a0131521",
      "needsInterop": false
    },
    "@angular/platform-server": {
      "src": "../../../../../../node_modules/@angular/platform-server/fesm2022/platform-server.mjs",
      "file": "@angular_platform-server.js",
      "fileHash": "daf89190",
      "needsInterop": false
    },
    "@angular/router": {
      "src": "../../../../../../node_modules/@angular/router/fesm2022/router.mjs",
      "file": "@angular_router.js",
      "fileHash": "9b5cd7e3",
      "needsInterop": false
    },
    "@angular/ssr": {
      "src": "../../../../../../node_modules/@angular/ssr/fesm2022/ssr.mjs",
      "file": "@angular_ssr.js",
      "fileHash": "ae928b62",
      "needsInterop": false
    },
    "@angular/ssr/node": {
      "src": "../../../../../../node_modules/@angular/ssr/fesm2022/node.mjs",
      "file": "@angular_ssr_node.js",
      "fileHash": "ae0638d4",
      "needsInterop": false
    },
    "express": {
      "src": "../../../../../../node_modules/express/index.js",
      "file": "express.js",
      "fileHash": "412b456c",
      "needsInterop": true
    }
  },
  "chunks": {
    "xhr2-TXIMV6CV": {
      "file": "xhr2-TXIMV6CV.js"
    },
    "chunk-2EHIXKYC": {
      "file": "chunk-2EHIXKYC.js"
    },
    "chunk-XVFJXOLH": {
      "file": "chunk-XVFJXOLH.js"
    },
    "chunk-QEF3PLPR": {
      "file": "chunk-QEF3PLPR.js"
    },
    "chunk-RC7AIIHB": {
      "file": "chunk-RC7AIIHB.js"
    },
    "chunk-4UPT57MN": {
      "file": "chunk-4UPT57MN.js"
    },
    "chunk-G63V3QT5": {
      "file": "chunk-G63V3QT5.js"
    },
    "chunk-3YQX3KFV": {
      "file": "chunk-3YQX3KFV.js"
    },
    "chunk-M5ZY6E77": {
      "file": "chunk-M5ZY6E77.js"
    },
    "chunk-YHCV7DAQ": {
      "file": "chunk-YHCV7DAQ.js"
    }
  }
}